{"AAPL": 1.89583, "MSFT": 1.27586, "NVDA": 1.28333, "AVGO": 1.26531, "AMD": 1.57143, "ORCL": 1.61364, "PLTR": 1.96552, "CRM": 1.63265, "ADBE": 2.41026, "IBM": 2.13636, "LLY": 1.70968, "UNH": 1.72414, "JNJ": 2.12, "ABBV": 1.83871, "MRK": 1.82759, "TMO": 1.42857, "AMGN": 2.5, "ISRG": 1.91429, "PFE": 2.5, "GILD": 1.67742, "JPM": 2.19231, "GS": 2.5, "V": 1.33333, "MA": 1.34211, "BAC": 1.5, "WFC": 1.80769, "AXP": 2.39286, "MS": 2.32, "BLK": 1.52941, "SCHW": 1.68182, "AMZN": 1.33824, "TSLA": 2.4375, "MCD": 2.13514, "HD": 1.91892, "NKE": 2.17949, "BKNG": 1.5641, "SBUX": 2.48718, "TJX": 1.42857, "LOW": 1.91667, "MAR": 2.25926, "XOM": 2.30769, "CVX": 1.96154, "COP": 1.89655, "GE": 1.47619, "CAT": 2.13793, "HON": 2.03846, "BA": 1.55556, "WMT": 1.44186, "COST": 1.94595, "LIN": 1.7037}